Temperature (C),Humidity
9.472222222,0.89
9.355555556,0.86
9.377777778,0.89
8.288888889,0.83
8.755555556,0.83
9.222222222,0.85
7.733333333,0.95
8.772222222,0.89
10.82222222,0.82
13.77222222,0.72
16.01666667,0.67
17.14444444,0.54
17.8,0.55
17.33333333,0.51
18.87777778,0.47
18.91111111,0.46
15.38888889,0.6
15.55,0.63
14.25555556,0.69
13.14444444,0.7
